{
  "Pairs_EA_EA": {
    "all": {
      "ex": 26.53310500845145,
      "es": 15.7090727748743,
      "pol": 10.333282929133887,
      "disp": 4.599638937420349,
      "dhf": 10.890540384609714,
      "tot": 10.006232961187372
    },
    "weighted": {
      "ex": 3.0492396402202218,
      "es": 1.80962592578257,
      "pol": 0.7534326772923717,
      "disp": 1.3700769185028607,
      "dhf": 0.6969436539087703,
      "tot": 1.9228926222909
    }
  },
  "Pairs_EA_H2O": {
    "all": {
      "ex": 37.39579772600843,
      "es": 28.02865905061772,
      "pol": 21.788098920281996,
      "disp": 5.713717793622646,
      "dhf": 22.39697521400026,
      "tot": 10.968159699449863
    },
    "weighted": {
      "ex": 3.8111841726092246,
      "es": 2.122335070078458,
      "pol": 1.055234450402701,
      "disp": 1.1255298813789514,
      "dhf": 0.7158409943618234,
      "tot": 2.2202165774871703
    }
  },
  "Pairs_H2O_H2O": {
    "all": {
      "ex": 65.66867389766615,
      "es": 50.62726423835258,
      "pol": 40.97446280188158,
      "disp": 6.26729490967226,
      "dhf": 41.63008133103553,
      "tot": 16.377846552221335
    },
    "weighted": {
      "ex": 3.738304363666584,
      "es": 1.7854297964593784,
      "pol": 1.4226898629313607,
      "disp": 0.8198718305988044,
      "dhf": 0.9093455443191627,
      "tot": 2.462002846893644
    }
  }
}