{
  "Pairs_EA_EA": {
    "all": {
      "ex": 29.553879124214713,
      "es": 15.865078539134483,
      "pol": 10.228053695072907,
      "disp": 4.562171012239294,
      "dhf": 10.850991153776121,
      "tot": 11.90529915062643
    },
    "weighted": {
      "ex": 3.094656259855646,
      "es": 1.809547341954149,
      "pol": 0.6692427233912573,
      "disp": 1.3199477689692762,
      "dhf": 0.6562856969143362,
      "tot": 1.9276075349495765
    }
  },
  "Pairs_EA_H2O": {
    "all": {
      "ex": 53.927929346687016,
      "es": 28.073904215550087,
      "pol": 21.64730505756961,
      "disp": 5.959381585100865,
      "dhf": 22.377764820154727,
      "tot": 21.99749608175311
    },
    "weighted": {
      "ex": 3.918597060637994,
      "es": 2.150255597278085,
      "pol": 1.0343807100050146,
      "disp": 1.2441958158960893,
      "dhf": 0.7068154107278449,
      "tot": 2.0534302877594017
    }
  },
  "Pairs_H2O_H2O": {
    "all": {
      "ex": 99.29985957674447,
      "es": 50.93299562192963,
      "pol": 40.5230010577471,
      "disp": 6.26866585035933,
      "dhf": 41.664786349880494,
      "tot": 44.00930843757424
    },
    "weighted": {
      "ex": 3.8073895160493056,
      "es": 1.8012306976681984,
      "pol": 1.2512935518257036,
      "disp": 0.799044743412284,
      "dhf": 0.8868441779879362,
      "tot": 2.151383980874602
    }
  }
}